{
  "name": "root",
  "gauges": [
    {
      "name": "LearningBrain.mean_reward",
      "value": 1.0,
      "min": 0.0,
      "max": 1.0,
      "count": 27
    }
  ],
  "total": 389.6592103,
  "count": 1,
  "self": 13.462869800001158,
  "children": [
    {
      "name": "TrainerController.advance",
      "total": 376.1963404999988,
      "count": 46792,
      "self": 34.528427700000066,
      "children": [
        {
          "name": "env_step",
          "total": 331.7328319999988,
          "count": 46792,
          "self": 295.36041079999893,
          "children": [
            {
              "name": "SubprocessEnvManager._take_step",
              "total": 35.81698899999577,
              "count": 46792,
              "self": 0.8948436999941407,
              "children": [
                {
                  "name": "PPOPolicy.evaluate",
                  "total": 34.92214530000163,
                  "count": 46792,
                  "self": 34.92214530000163
                }
              ]
            },
            {
              "name": "workers",
              "total": 0.555432200004061,
              "count": 46791,
              "self": 0.0,
              "children": [
                {
                  "name": "worker_root",
                  "total": 385.9001925999947,
                  "count": 46791,
                  "is_parallel": true,
                  "self": 125.61612000000139,
                  "children": [
                    {
                      "name": "UnityEnvironment.step",
                      "total": 260.2840725999933,
                      "count": 46791,
                      "is_parallel": true,
                      "self": 14.081833899994962,
                      "children": [
                        {
                          "name": "UnityEnvironment._generate_step_input",
                          "total": 3.131886899999314,
                          "count": 46791,
                          "is_parallel": true,
                          "self": 3.131886899999314
                        },
                        {
                          "name": "communicator.exchange",
                          "total": 243.07035179999903,
                          "count": 46791,
                          "is_parallel": true,
                          "self": 243.07035179999903
                        }
                      ]
                    }
                  ]
                }
              ]
            }
          ]
        },
        {
          "name": "update_policy",
          "total": 9.935080799999973,
          "count": 9,
          "self": 7.331472599999898,
          "children": [
            {
              "name": "PPOPolicy.update",
              "total": 2.6036082000000746,
              "count": 270,
              "self": 2.6036082000000746
            }
          ]
        }
      ]
    }
  ]
}