{
  "name": "root",
  "gauges": [
    {
      "name": "LearningBrain.mean_reward",
      "value": 1.0,
      "min": 1.0,
      "max": 1.0,
      "count": 286
    }
  ],
  "total": 2192.9812344,
  "count": 1,
  "self": 26.4239348999281,
  "children": [
    {
      "name": "TrainerController.advance",
      "total": 2166.557299500072,
      "count": 286380,
      "self": 217.14491000011867,
      "children": [
        {
          "name": "env_step",
          "total": 1891.4396714999543,
          "count": 286380,
          "self": 1676.3738325999564,
          "children": [
            {
              "name": "SubprocessEnvManager._take_step",
              "total": 211.65621999997632,
              "count": 286380,
              "self": 5.30444809997482,
              "children": [
                {
                  "name": "PPOPolicy.evaluate",
                  "total": 206.3517719000015,
                  "count": 286380,
                  "self": 206.3517719000015
                }
              ]
            },
            {
              "name": "workers",
              "total": 3.409618900021627,
              "count": 286379,
              "self": 0.0,
              "children": [
                {
                  "name": "worker_root",
                  "total": 2180.762629700018,
                  "count": 286379,
                  "is_parallel": true,
                  "self": 715.6350480000601,
                  "children": [
                    {
                      "name": "UnityEnvironment.step",
                      "total": 1465.1275816999578,
                      "count": 286379,
                      "is_parallel": true,
                      "self": 85.67343089982683,
                      "children": [
                        {
                          "name": "UnityEnvironment._generate_step_input",
                          "total": 18.761896000050378,
                          "count": 286379,
                          "is_parallel": true,
                          "self": 18.761896000050378
                        },
                        {
                          "name": "communicator.exchange",
                          "total": 1360.6922548000805,
                          "count": 286379,
                          "is_parallel": true,
                          "self": 1360.6922548000805
                        }
                      ]
                    }
                  ]
                }
              ]
            }
          ]
        },
        {
          "name": "update_policy",
          "total": 57.97271799999896,
          "count": 53,
          "self": 44.01107409999775,
          "children": [
            {
              "name": "PPOPolicy.update",
              "total": 13.961643900001214,
              "count": 1590,
              "self": 13.961643900001214
            }
          ]
        }
      ]
    }
  ]
}